NAME,OWNER
freeCodeCamp,freeCodeCamp
bootstrap,twbs
vue,vuejs
react,facebook
d3,d3
javascript,airbnb
react-native,facebook
angular.js,angular
Font-Awesome,FortAwesome
create-react-app,facebook
node,nodejs
jquery,jquery
atom,atom
axios,axios
three.js,mrdoob
socket.io,socketio
redux,reduxjs
webpack,webpack
Semantic-UI,Semantic-Org
reveal.js,hakimel
html5-boilerplate,h5bp
meteor,meteor
express,expressjs
material-ui,mui-org
Chart.js,chartjs
moment,moment
resume.github.com,resume
free-programming-books-zh_CN,justjavac
puppeteer,GoogleChrome
impress.js,impress
